<?xml version='1.0' encoding='utf-8'?>
<!DOCTYPE hibernate-configuration PUBLIC
"-//Hibernate/Hibernate Configuration DTD//EN"
"http://hibernate.sourceforge.net/hibernate-configuration-5.0.dtd">

<hibernate-configuration>
<session-factory>
<property name="hibernate.connection.driver_class">com.mysql.cj.jdbc.Driver</property>
<property name="hibernate.connection.url">jdbc:mysql://localhost:3306/hiber</property>
<property name="hibernate.connection.username">root</property>
<property name="hibernate.connection.password">root</property>

<property name="show_sql">true</property>
<property name="dialect">org.hibernate.dialect.MySQLDialect</property>
 <property name="hbm2ddl.auto">update</property> 
<mapping class="model.Student"/>


<!-- <property name="hibernate.id.new_generator_mappings">false</property> -->
<!-- <property name="hibernate.connection.pool_size">10</property> -->
<!-- <property name="hibernate.current_session_context_class">thread</property> -->
</session-factory>
</hibernate-configuration>